{"format": "layers-model", "generatedBy": "keras v2.4.0", "convertedBy": "TensorFlow.js Converter v3.9.0", "modelTopology": {"keras_version": "2.4.0", "backend": "tensorflow", "model_config": {"class_name": "Model", "config": {"name": "model_4", "layers": [{"class_name": "InputLayer", "config": {"batch_input_shape": [null, 22, 1024], "dtype": "float32", "sparse": false, "ragged": false, "name": "audio"}, "name": "audio", "inbound_nodes": []}, {"class_name": "Bidirectional", "config": {"name": "bidirectional_16", "trainable": true, "dtype": "float32", "layer": {"class_name": "LSTM", "config": {"name": "lstm_16", "trainable": true, "dtype": "float32", "return_sequences": true, "return_state": false, "go_backwards": false, "stateful": false, "unroll": false, "time_major": false, "units": 128, "activation": "tanh", "recurrent_activation": "sigmoid", "use_bias": true, "kernel_initializer": {"class_name": "GlorotUniform", "config": {"seed": null}}, "recurrent_initializer": {"class_name": "Orthogonal", "config": {"gain": 1.0, "seed": null}}, "bias_initializer": {"class_name": "Zeros", "config": {}}, "unit_forget_bias": true, "kernel_regularizer": null, "recurrent_regularizer": null, "bias_regularizer": null, "activity_regularizer": null, "kernel_constraint": null, "recurrent_constraint": null, "bias_constraint": null, "dropout": 0.1, "recurrent_dropout": 0.1, "implementation": 1}}, "merge_mode": "concat"}, "name": "bidirectional_16", "inbound_nodes": [[["audio", 0, 0, {}]]]}, {"class_name": "Bidirectional", "config": {"name": "bidirectional_17", "trainable": true, "dtype": "float32", "layer": {"class_name": "LSTM", "config": {"name": "lstm_17", "trainable": true, "dtype": "float32", "return_sequences": true, "return_state": false, "go_backwards": false, "stateful": false, "unroll": false, "time_major": false, "units": 128, "activation": "tanh", "recurrent_activation": "sigmoid", "use_bias": true, "kernel_initializer": {"class_name": "GlorotUniform", "config": {"seed": null}}, "recurrent_initializer": {"class_name": "Orthogonal", "config": {"gain": 1.0, "seed": null}}, "bias_initializer": {"class_name": "Zeros", "config": {}}, "unit_forget_bias": true, "kernel_regularizer": null, "recurrent_regularizer": null, "bias_regularizer": null, "activity_regularizer": null, "kernel_constraint": null, "recurrent_constraint": null, "bias_constraint": null, "dropout": 0.1, "recurrent_dropout": 0.1, "implementation": 1}}, "merge_mode": "concat"}, "name": "bidirectional_17", "inbound_nodes": [[["bidirectional_16", 0, 0, {}]]]}, {"class_name": "Bidirectional", "config": {"name": "bidirectional_18", "trainable": true, "dtype": "float32", "layer": {"class_name": "LSTM", "config": {"name": "lstm_18", "trainable": true, "dtype": "float32", "return_sequences": true, "return_state": false, "go_backwards": false, "stateful": false, "unroll": false, "time_major": false, "units": 128, "activation": "tanh", "recurrent_activation": "sigmoid", "use_bias": true, "kernel_initializer": {"class_name": "GlorotUniform", "config": {"seed": null}}, "recurrent_initializer": {"class_name": "Orthogonal", "config": {"gain": 1.0, "seed": null}}, "bias_initializer": {"class_name": "Zeros", "config": {}}, "unit_forget_bias": true, "kernel_regularizer": null, "recurrent_regularizer": null, "bias_regularizer": null, "activity_regularizer": null, "kernel_constraint": null, "recurrent_constraint": null, "bias_constraint": null, "dropout": 0.1, "recurrent_dropout": 0.1, "implementation": 1}}, "merge_mode": "concat"}, "name": "bidirectional_18", "inbound_nodes": [[["bidirectional_17", 0, 0, {}]]]}, {"class_name": "Bidirectional", "config": {"name": "bidirectional_19", "trainable": true, "dtype": "float32", "layer": {"class_name": "LSTM", "config": {"name": "lstm_19", "trainable": true, "dtype": "float32", "return_sequences": false, "return_state": false, "go_backwards": false, "stateful": false, "unroll": false, "time_major": false, "units": 128, "activation": "tanh", "recurrent_activation": "sigmoid", "use_bias": true, "kernel_initializer": {"class_name": "GlorotUniform", "config": {"seed": null}}, "recurrent_initializer": {"class_name": "Orthogonal", "config": {"gain": 1.0, "seed": null}}, "bias_initializer": {"class_name": "Zeros", "config": {}}, "unit_forget_bias": true, "kernel_regularizer": null, "recurrent_regularizer": null, "bias_regularizer": null, "activity_regularizer": null, "kernel_constraint": null, "recurrent_constraint": null, "bias_constraint": null, "dropout": 0.1, "recurrent_dropout": 0.1, "implementation": 1}}, "merge_mode": "concat"}, "name": "bidirectional_19", "inbound_nodes": [[["bidirectional_18", 0, 0, {}]]]}, {"class_name": "Dense", "config": {"name": "dense_8", "trainable": true, "dtype": "float32", "units": 128, "activation": "relu", "use_bias": true, "kernel_initializer": {"class_name": "GlorotUniform", "config": {"seed": null}}, "bias_initializer": {"class_name": "Zeros", "config": {}}, "kernel_regularizer": null, "bias_regularizer": null, "activity_regularizer": null, "kernel_constraint": null, "bias_constraint": null}, "name": "dense_8", "inbound_nodes": [[["bidirectional_19", 0, 0, {}]]]}, {"class_name": "Dropout", "config": {"name": "dropout_8", "trainable": true, "dtype": "float32", "rate": 0.4, "noise_shape": null, "seed": null}, "name": "dropout_8", "inbound_nodes": [[["dense_8", 0, 0, {}]]]}, {"class_name": "Dense", "config": {"name": "dense_9", "trainable": true, "dtype": "float32", "units": 64, "activation": "relu", "use_bias": true, "kernel_initializer": {"class_name": "GlorotUniform", "config": {"seed": null}}, "bias_initializer": {"class_name": "Zeros", "config": {}}, "kernel_regularizer": null, "bias_regularizer": null, "activity_regularizer": null, "kernel_constraint": null, "bias_constraint": null}, "name": "dense_9", "inbound_nodes": [[["dropout_8", 0, 0, {}]]]}, {"class_name": "Dropout", "config": {"name": "dropout_9", "trainable": true, "dtype": "float32", "rate": 0.2, "noise_shape": null, "seed": null}, "name": "dropout_9", "inbound_nodes": [[["dense_9", 0, 0, {}]]]}, {"class_name": "Dense", "config": {"name": "classifier", "trainable": true, "dtype": "float32", "units": 4, "activation": "softmax", "use_bias": true, "kernel_initializer": {"class_name": "GlorotUniform", "config": {"seed": null}}, "bias_initializer": {"class_name": "Zeros", "config": {}}, "kernel_regularizer": null, "bias_regularizer": null, "activity_regularizer": null, "kernel_constraint": null, "bias_constraint": null}, "name": "classifier", "inbound_nodes": [[["dropout_9", 0, 0, {}]]]}], "input_layers": [["audio", 0, 0]], "output_layers": [["classifier", 0, 0]]}}, "training_config": {"loss": {"class_name": "CategoricalCrossentropy", "config": {"reduction": "auto", "name": "categorical_crossentropy", "from_logits": false, "label_smoothing": 0}}, "metrics": [[{"class_name": "MeanMetricWrapper", "config": {"name": "accuracy", "dtype": "float32", "fn": "categorical_accuracy"}}]], "weighted_metrics": null, "loss_weights": null, "optimizer_config": {"class_name": "Adam", "config": {"name": "Adam", "learning_rate": 2.9999999242136255e-05, "decay": 0.0, "beta_1": 0.8999999761581421, "beta_2": 0.9990000128746033, "epsilon": 1e-07, "amsgrad": false}}}}, "weightsManifest": [{"paths": ["group1-shard1of3.bin", "group1-shard2of3.bin", "group1-shard3of3.bin"], "weights": [{"name": "bidirectional_16/forward_lstm_16/lstm_cell_49/kernel", "shape": [1024, 512], "dtype": "float32"}, {"name": "bidirectional_16/forward_lstm_16/lstm_cell_49/recurrent_kernel", "shape": [128, 512], "dtype": "float32"}, {"name": "bidirectional_16/forward_lstm_16/lstm_cell_49/bias", "shape": [512], "dtype": "float32"}, {"name": "bidirectional_16/backward_lstm_16/lstm_cell_50/kernel", "shape": [1024, 512], "dtype": "float32"}, {"name": "bidirectional_16/backward_lstm_16/lstm_cell_50/recurrent_kernel", "shape": [128, 512], "dtype": "float32"}, {"name": "bidirectional_16/backward_lstm_16/lstm_cell_50/bias", "shape": [512], "dtype": "float32"}, {"name": "bidirectional_17/forward_lstm_17/lstm_cell_52/kernel", "shape": [256, 512], "dtype": "float32"}, {"name": "bidirectional_17/forward_lstm_17/lstm_cell_52/recurrent_kernel", "shape": [128, 512], "dtype": "float32"}, {"name": "bidirectional_17/forward_lstm_17/lstm_cell_52/bias", "shape": [512], "dtype": "float32"}, {"name": "bidirectional_17/backward_lstm_17/lstm_cell_53/kernel", "shape": [256, 512], "dtype": "float32"}, {"name": "bidirectional_17/backward_lstm_17/lstm_cell_53/recurrent_kernel", "shape": [128, 512], "dtype": "float32"}, {"name": "bidirectional_17/backward_lstm_17/lstm_cell_53/bias", "shape": [512], "dtype": "float32"}, {"name": "bidirectional_18/forward_lstm_18/lstm_cell_55/kernel", "shape": [256, 512], "dtype": "float32"}, {"name": "bidirectional_18/forward_lstm_18/lstm_cell_55/recurrent_kernel", "shape": [128, 512], "dtype": "float32"}, {"name": "bidirectional_18/forward_lstm_18/lstm_cell_55/bias", "shape": [512], "dtype": "float32"}, {"name": "bidirectional_18/backward_lstm_18/lstm_cell_56/kernel", "shape": [256, 512], "dtype": "float32"}, {"name": "bidirectional_18/backward_lstm_18/lstm_cell_56/recurrent_kernel", "shape": [128, 512], "dtype": "float32"}, {"name": "bidirectional_18/backward_lstm_18/lstm_cell_56/bias", "shape": [512], "dtype": "float32"}, {"name": "bidirectional_19/forward_lstm_19/lstm_cell_58/kernel", "shape": [256, 512], "dtype": "float32"}, {"name": "bidirectional_19/forward_lstm_19/lstm_cell_58/recurrent_kernel", "shape": [128, 512], "dtype": "float32"}, {"name": "bidirectional_19/forward_lstm_19/lstm_cell_58/bias", "shape": [512], "dtype": "float32"}, {"name": "bidirectional_19/backward_lstm_19/lstm_cell_59/kernel", "shape": [256, 512], "dtype": "float32"}, {"name": "bidirectional_19/backward_lstm_19/lstm_cell_59/recurrent_kernel", "shape": [128, 512], "dtype": "float32"}, {"name": "bidirectional_19/backward_lstm_19/lstm_cell_59/bias", "shape": [512], "dtype": "float32"}, {"name": "classifier/kernel", "shape": [64, 4], "dtype": "float32"}, {"name": "classifier/bias", "shape": [4], "dtype": "float32"}, {"name": "dense_8/kernel", "shape": [256, 128], "dtype": "float32"}, {"name": "dense_8/bias", "shape": [128], "dtype": "float32"}, {"name": "dense_9/kernel", "shape": [128, 64], "dtype": "float32"}, {"name": "dense_9/bias", "shape": [64], "dtype": "float32"}]}]}